{"initial_reset_timestamp": 1587372129.1451662, "timestamps": [1587372131.847528, 1587372134.6616561, 1587372135.748659, 1587372137.469171, 1587372138.902433, 1587372140.208343, 1587372141.791876, 1587372142.8053, 1587372146.3512409, 1587372147.871825, 1587372149.107199, 1587372150.4808471, 1587372151.680108, 1587372152.852534, 1587372154.029344, 1587372155.338469, 1587372156.34338, 1587372157.428111, 1587372158.477389, 1587372159.441355, 1587372160.5203378, 1587372161.484114, 1587372162.555493, 1587372163.528202, 1587372165.0005062, 1587372166.259089, 1587372167.7118778, 1587372171.444732, 1587372173.129494, 1587372174.759079, 1587372176.029597, 1587372177.621085, 1587372178.935082, 1587372180.377509, 1587372181.375067, 1587372182.313191, 1587372183.803078, 1587372184.8642502, 1587372185.871768, 1587372187.04657, 1587372188.20032, 1587372189.340987, 1587372190.3761091, 1587372191.789967, 1587372192.938216, 1587372194.038869, 1587372195.074626, 1587372196.243774, 1587372197.412831, 1587372198.8593972, 1587372200.064599, 1587372201.4154801, 1587372202.7944891, 1587372203.934128, 1587372230.073591, 1587372263.645327, 1587372296.192891, 1587372337.4687412, 1587372385.406676, 1587372421.245313, 1587372452.305069, 1587372482.729575, 1587372515.345922, 1587372552.7291038, 1587372589.908031], "episode_lengths": [3597, 3765, 3367, 3860, 3719, 3131, 5089, 3286, 3536, 3904, 3748, 4082, 3884, 3667, 3659, 4016, 3304, 3601, 3542, 3128, 3679, 3168, 3300, 3056, 4233, 3855, 3648, 4273, 3296, 3973, 3056, 3488, 3168, 3948, 3296, 3168, 4476, 3520, 3399, 3944, 3708, 3795, 3408, 4389, 3656, 3663, 3481, 3851, 3708, 4743, 3776, 3667, 3532, 3759, 4356, 3435, 3479, 3707, 4213, 3814, 3056, 3300, 3296, 3408, 3544], "episode_rewards": [-21.0, -21.0, -20.0, -21.0, -20.0, -21.0, -19.0, -21.0, -21.0, -21.0, -19.0, -20.0, -21.0, -20.0, -21.0, -20.0, -21.0, -21.0, -21.0, -21.0, -20.0, -21.0, -21.0, -21.0, -19.0, -20.0, -21.0, -21.0, -21.0, -20.0, -21.0, -21.0, -21.0, -20.0, -21.0, -21.0, -19.0, -21.0, -21.0, -20.0, -20.0, -20.0, -21.0, -20.0, -21.0, -20.0, -20.0, -20.0, -20.0, -20.0, -21.0, -21.0, -21.0, -20.0, -21.0, -21.0, -20.0, -20.0, -19.0, -20.0, -21.0, -21.0, -21.0, -21.0, -21.0], "episode_types": ["t", "t", "t", "t", "t", "t", "t", "t", "t", "t", "t", "t", "t", "t", "t", "t", "t", "t", "t", "t", "t", "t", "t", "t", "t", "t", "t", "t", "t", "t", "t", "t", "t", "t", "t", "t", "t", "t", "t", "t", "t", "t", "t", "t", "t", "t", "t", "t", "t", "t", "t", "t", "t", "t", "t", "t", "t", "t", "t", "t", "t", "t", "t", "t", "t", "t"]}